id,slug,name,released,rating
3498,grand-theft-auto-v,Grand Theft Auto V,2013-09-17,4.47
3498,grand-theft-auto-v,Grand Theft Auto V,2013-09-17,4.47
3498,grand-theft-auto-v,Grand Theft Auto V,2013-09-17,4.47
3498,grand-theft-auto-v,Grand Theft Auto V,2013-09-17,4.47
3498,grand-theft-auto-v,Grand Theft Auto V,2013-09-17,4.47
3498,grand-theft-auto-v,Grand Theft Auto V,2013-09-17,4.47
3498,grand-theft-auto-v,Grand Theft Auto V,2013-09-17,4.47
3498,grand-theft-auto-v,Grand Theft Auto V,2013-09-17,4.47
3498,grand-theft-auto-v,Grand Theft Auto V,2013-09-17,4.47
3498,grand-theft-auto-v,Grand Theft Auto V,2013-09-17,4.47
3498,grand-theft-auto-v,Grand Theft Auto V,2013-09-17,4.47
3498,grand-theft-auto-v,Grand Theft Auto V,2013-09-17,4.47
3498,grand-theft-auto-v,Grand Theft Auto V,2013-09-17,4.47
9767,hollow-knight,Hollow Knight,2017-02-23,4.41
3144,super-meat-boy,Super Meat Boy,2010-10-20,3.98
17572,batman-aa-goty,Batman: Arkham Asylum Game of the Year Edition,2010-03-26,4.38
58751,halo-infinite,Halo Infinite,2021-12-08,3.64
18272,magicka,Magicka,2011-01-25,3.8
29338,days-gone,Days Gone,2019-04-26,3.97
18336,alan-wakes-american-nightmare,Alan Wake's American Nightmare,2012-02-22,3.41
250,the-binding-of-isaac-rebirth,The Binding of Isaac: Rebirth,2014-11-03,4.32
9767,hollow-knight,Hollow Knight,2017-02-23,4.41
3498,grand-theft-auto-v,Grand Theft Auto V,2013-09-17,4.47
3328,the-witcher-3-wild-hunt,The Witcher 3: Wild Hunt,2015-05-18,4.64
4200,portal-2,Portal 2,2011-04-18,4.59
4291,counter-strike-global-offensive,Counter-Strike: Global Offensive,2012-08-21,3.57
5286,tomb-raider,Tomb Raider (2013),2013-03-05,4.06
13536,portal,Portal,2007-10-09,4.49
12020,left-4-dead-2,Left 4 Dead 2,2009-11-17,4.09
5679,the-elder-scrolls-v-skyrim,The Elder Scrolls V: Skyrim,2011-11-11,4.42
28,red-dead-redemption-2,Red Dead Redemption 2,2018-10-26,4.59
4062,bioshock-infinite,BioShock Infinite,2013-03-26,4.38
13537,half-life-2,Half-Life 2,2004-11-16,4.48
802,borderlands-2,Borderlands 2,2012-09-18,4.01
3439,life-is-strange-episode-1-2,Life is Strange,2015-01-29,4.12
4286,bioshock,BioShock,2007-08-21,4.36
32,destiny-2,Destiny 2,2017-09-06,3.52
58175,god-of-war-2,God of War (2018),2018-04-20,4.55
3070,fallout-4,Fallout 4,2015-11-09,3.81
3939,payday-2,PAYDAY 2,2013-08-13,3.52
1030,limbo,Limbo,2010-07-21,4.14
11859,team-fortress-2,Team Fortress 2,2007-10-10,3.68
2454,doom,DOOM (2016),2016-05-12,4.38
41494,cyberpunk-2077,Cyberpunk 2077,2020-12-10,4.21
422,terraria,Terraria,2011-05-16,4.07
10213,dota-2,Dota 2,2013-07-09,3.07
766,warframe,Warframe,2013-03-25,3.42
4459,grand-theft-auto-iv,Grand Theft Auto IV,2008-04-29,4.26
3272,rocket-league,Rocket League,2015-07-07,3.93
278,horizon-zero-dawn,Horizon Zero Dawn,2017-02-28,4.28
29028,metro-2033,Metro 2033,2010-03-16,3.94
7689,rise-of-the-tomb-raider,Rise of the Tomb Raider,2015-11-10,4.04
3287,batman-arkham-knight,Batman: Arkham Knight,2015-06-23,4.24
3192,metal-gear-solid-v-the-phantom-pain,Metal Gear Solid V: The Phantom Pain,2015-09-01,4.16
290856,apex-legends,Apex Legends,2019-02-04,3.64
16944,the-witcher-2-assassins-of-kings-enhanced-edition,The Witcher 2: Assassins of Kings Enhanced Edition,2012-04-16,4.16
17822,the-witcher-enhanced-edition-directors-cut,The Witcher: Enhanced Edition Director's Cut,2008-09-16,4.06
416,grand-theft-auto-san-andreas,Grand Theft Auto: San Andreas,2004-10-26,4.5
19103,half-life-2-lost-coast,Half-Life 2: Lost Coast,2005-10-27,3.45
11973,shadow-of-mordor,Middle-earth: Shadow of Mordor,2014-09-30,3.91
23027,the-walking-dead,The Walking Dead: Season 1,2012-04-23,4.36
3144,super-meat-boy,Super Meat Boy,2010-10-20,3.98
17572,batman-aa-goty,Batman: Arkham Asylum Game of the Year Edition,2010-03-26,4.38
58751,halo-infinite,Halo Infinite,2021-12-08,3.64
18272,magicka,Magicka,2011-01-25,3.8
29338,days-gone,Days Gone,2019-04-26,3.97
18336,alan-wakes-american-nightmare,Alan Wake's American Nightmare,2012-02-22,3.41
250,the-binding-of-isaac-rebirth,The Binding of Isaac: Rebirth,2014-11-03,4.32
16359,divinity-original-sin-enhanced-edition,Divinity: Original Sin - Enhanced Edition,2015-10-27,4.26
274480,mortal-kombat-11,Mortal Kombat 11,2019-04-22,3.97
3346,wolfenstein-the-old-blood,Wolfenstein: The Old Blood,2015-05-04,4.0
17803,ryse-son-of-rome,Ryse: Son of Rome,2013-11-22,3.59
9653,hacknet,Hacknet,2015-08-11,3.19
10449,darksiders-ii-deathinitive-edition,Darksiders II Deathinitive Edition,2015-11-05,3.78
9793,guns-of-icarus-online,Guns of Icarus Online,2012-09-30,2.59
15858,kotor-ii,Star Wars: Knights of the Old Republic II – The Sith Lords,2004-12-06,4.37
13628,dear-esther-landmark-edition,Dear Esther: Landmark Edition,2017-02-14,3.31
12320,prison-architect-all-day-and-a-psych,Prison Architect,2015-10-05,3.72
51610,dark-souls8482-remastered,Dark Souls: Remastered,2018-05-23,4.48
3554,the-evil-within,The Evil Within,2014-10-12,3.98
10092,minion-masters,Minion Masters,2019-05-24,2.3
50781,sea-of-thieves,Sea of Thieves,2018-03-20,3.69
19299,fallout-2-a-post-nuclear-role-playing-game,Fallout 2,1998-09-30,4.35
10090,beholder,Beholder,2016-11-08,3.8
17380,sid-meiers-civilization-iii-complete,Sid Meier's Civilization III Complete,2001-10-29,3.7
452638,stray-2,Stray,2022-07-19,4.15
19451,fallout-3-game-of-the-year-edition,Fallout 3: Game of the Year Edition,2009-10-13,4.13
15274,jotun,Jotun: Valhalla Edition,2015-09-29,3.07
3427,murdered-soul-suspect,Murdered: Soul Suspect,2014-06-03,3.48
12569,starbound,Starbound,2016-07-22,3.82
3729,lego-the-hobbit,LEGO The Hobbit,2014-04-08,3.41
5161,braid,Braid,2008-08-06,4.15
3912,sanctum-2,Sanctum 2,2013-05-15,2.97
10001,serious-sam-fusion-2017-beta,Serious Sam Fusion 2017 (beta),2017-03-20,3.05
829,killing-floor-2,Killing Floor 2,2016-11-18,3.53
14062,red-orchestra-2-heroes-of-stalingrad-with-rising-s,Red Orchestra 2: Heroes of Stalingrad with Rising Storm,2011-09-13,3.25
3449,resident-evil,Resident Evil,1996-03-22,4.18
4729,assassins-creed,Assassin's Creed,2007-11-13,3.91
5578,grid,GRID (2008),2008-06-03,3.66
678,neverwinter,Neverwinter,2013-06-20,2.93
19452,fear,F.E.A.R.,2005-10-18,4.26
14690,trine-enchanted-edition,Trine Enchanted Edition,2009-07-02,3.83
455597,it-takes-two-2,It Takes Two,2021-03-26,4.47
58813,resident-evil-2-2019,Resident Evil 2,2019-01-25,4.5
2574,enter-the-gungeon,Enter the Gungeon,2016-04-04,4.07
17174,re-revelations-2,Resident Evil Revelations 2,2015-02-24,3.68
3300,the-elder-scrolls-online-tamriel-unlimited,The Elder Scrolls Online: Tamriel Unlimited,2015-03-17,3.48
14317,endless-space-emperor-edition,Endless Space - Collection,2012-07-04,3.09
19375,far-cry-3-blood-dragon-2,Far Cry 3: Blood Dragon,2013-04-30,3.99
10064,assassins-creed-brotherhood-2,Assassin’s Creed Brotherhood,2010-11-16,4.28
3697,serious-sam-3-bfe,Serious Sam 3: BFE,2011-11-22,3.46
2047,lords-of-the-fallen,Lords of the Fallen (2014),2014-10-28,2.91
4179,darksiders-ii,Darksiders II,2012-08-14,3.74
47137,fornite-battle-royale,Fortnite Battle Royale,2017-09-26,3.28
53341,jet-set-radio-2012,Jet Set Radio,2000-06-29,3.41
11974,mark-of-the-ninja,Mark of the Ninja,2012-09-07,3.98
12019,battleblock-theater,BattleBlock Theater,2013-04-03,3.84
2300,drawful-2,Drawful 2,2016-06-20,3.21
2166,game-of-thrones-a-telltale-games-series,Game of Thrones - A Telltale Games Series,2014-12-02,3.23
295021,orwell,Orwell: Keeping an Eye On You,2016-10-27,3.27
397477,resident-evil-3,Resident Evil 3,2020-04-02,4.04
442855,mafia-ii-definitive-edition,Mafia II: Definitive Edition,2020-05-19,3.88
442854,mafia,Mafia: Definitive Edition,2020-09-25,4.24
28121,slay-the-spire,Slay the Spire,2019-01-22,4.36
259801,final-fantasy-vii-remake,Final Fantasy VII,2020-04-10,4.38
9551,deep-rock-galactic,Deep Rock Galactic,2020-05-13,4.12
4000,remember-me,Remember Me,2013-06-04,3.67
4032,dragons-dogma-dark-arisen,Dragon's Dogma: Dark Arisen,2013-04-23,3.91
10040,stellaris,Stellaris,2016-05-08,4.11
295,oxenfree,Oxenfree,2016-01-14,3.91
19600,far-cry-2-fortunes-edition,Far Cry 2,2008-10-21,3.46
5687,the-playroom,The Playroom,2013-11-15,2.27
3350,broken-age,Broken Age,2014-01-28,3.65
7381,abzu-2,ABZU,2016-08-02,3.92
2100,tales-from-the-borderlands,Tales from the Borderlands: A Telltale Game Series,2015-10-21,4.18
9575,vrchat,VRChat,2017-02-01,3.15
3647,child-of-light,Child of Light,2014-04-29,3.85
3290,planetside-2,PlanetSide 2,2012-11-20,2.97
685577,vampire-survivors,Vampire Survivors,2022-10-20,4.19
5565,fear-3,F.E.A.R. 3,2011-03-25,3.35
5564,fear-2-project-origin,F.E.A.R. 2: Project Origin,2009-02-10,3.86
894,destiny,Destiny,2014-09-09,3.69
23557,gwent-the-witcher-card-game,Gwent: The Witcher Card Game,2018-10-23,3.59
23587,sonic-mania,Sonic Mania,2017-08-15,3.86
17037,monaco-whats-yours-is-mine,Monaco: What's Yours Is Mine,2013-04-24,2.99
4882,lara-croft-gol,Lara Croft and the Guardian of Light,2010-08-05,3.42
6879,the-flame-in-the-flood,The Flame in the Flood,2016-02-23,2.9
13820,morrowind,The Elder Scrolls III: Morrowind,2002-05-01,4.36
12929,the-talos-principle,The Talos Principle,2014-12-11,4.16
3052,star-wars-battlefront,STAR WARS Battlefront,2015-11-17,3.29
452649,resident-evil-village,Resident Evil: Village,2021-05-07,4.38
42215,dying-light,Dying Light,2015-01-27,4.09
59313,gris,Gris,2018-12-13,4.2
3561,spelunky,Spelunky,2012-07-04,3.69
41490,divinity-original-sin,Divinity: Original Sin,2014-06-30,4.18
28110,vampyr,Vampyr,2018-06-04,3.49
4869,tomb-raider-underworld,Tomb Raider: Underworld,2008-11-18,3.7
4397,battlefield-3,Battlefield 3,2011-10-25,4.07
10428,heroes-generals,Heroes & Generals,2016-10-18,2.77
248521,valheim,Valheim,2021-02-02,4.0
58494,battlefield-v,Battlefield V,2018-11-20,3.51
16199,killer-is-dead-nightmare-edition,Killer is Dead - Nightmare Edition,2014-05-23,3.22
3635,rogue-legacy,Rogue Legacy,2013-06-27,3.87
17885,overlord,Overlord,2007-06-26,3.82
704634,uncharted-legacy-of-thieves-collection,Uncharted: Legacy of Thieves Collection,2022-01-28,4.46
719,deponia,Deponia,2012-01-27,3.84
19647,crysis-2-maximum-edition,Crysis 2 - Maximum Edition,2011-03-22,3.7
398423,gothic-playable-teaser,Gothic Playable Teaser,2019-12-01,2.55
13886,star-wars-battlefront-ii-2,Star Wars: Battlefront II (2005),2005-10-30,4.21
58764,outer-wilds,Outer Wilds,2019-05-29,4.37
4358,assassins-creed-revelations,Assassin's Creed Revelations,2011-11-15,3.99
19491,burnout-paradise-the-ultimate-box,Burnout Paradise: The Ultimate Box,2009-02-05,3.98
10293,tabletop-simulator,Tabletop Simulator,2015-06-05,4.05
892,dust-an-elysian-tail,Dust: An Elysian Tail,2012-08-15,3.62
34,crash-bandicoot-n-sane-trilogy,Crash Bandicoot N. Sane Trilogy,2017-06-30,4.13
4347,dirt-showdown,DiRT Showdown,2012-05-24,3.3
29153,max-payne-2-the-fall-of-max-payne,Max Payne 2: The Fall of Max Payne,2003-10-14,4.43
11279,day-of-defeat-source,Day of Defeat: Source,2005-09-26,3.19
382,sniper-elite-4,Sniper Elite 4,2017-02-13,3.58
49,persona-5,Persona 5,2016-09-15,4.35
5342,medal-of-honor,Medal of Honor,2010-10-12,3.28
58952,life-is-strange-2,Life is Strange 2,2018-09-27,3.79
45970,the-lego-ninjago-movie-video-game,The LEGO NINJAGO Movie Video Game,2017-09-22,2.91
1758,valiant-hearts-the-great-war,Valiant Hearts: The Great War,2014-06-24,4.36
1259,machinarium,Machinarium,2009-10-16,4.18
15566,red-faction-guerrilla,Red Faction: Guerrilla,2009-06-02,3.67
15829,pillars-of-eternity,Pillars of Eternity,2015-03-26,3.96
44525,yakuza-kiwami,Yakuza Kiwami,2016-01-21,4.1
19056,stalker-call-of-pripyat,S.T.A.L.K.E.R.: Call of Pripyat,2009-10-02,4.27
4581,crysis,Crysis,2007-11-12,4.01
1789,the-swapper,The Swapper,2013-05-13,3.53
3965,binary-domain,Binary Domain,2012-02-16,3.55
15642,the-elder-scrolls-iv-oblivion-game-of-the-year-edi,The Elder Scrolls IV: Oblivion Game of the Year Edition,2009-06-16,4.32
622492,forza-horizon-5,Forza Horizon 5,2021-11-08,4.31
10767,shadow-tactics,Shadow Tactics: Blades of the Shogun,2016-12-05,4.08
19057,stalker-clear-sky,S.T.A.L.K.E.R.: Clear Sky,2008-08-22,3.88
58752,the-awesome-adventures-of-capitan-spirit,The Awesome Adventures of Captain Spirit,2018-06-25,3.61
19592,hitman-2-silent-assassin,Hitman 2: Silent Assassin,2002-10-01,3.94
9631,sins-of-a-solar-empire-rebellion,Sins of a Solar Empire: Rebellion,2012-06-12,2.73
616765,guardians-of-the-galaxy,Marvel's Guardians of the Galaxy,2021-10-26,4.3
5636,rage,Rage,2011-10-03,3.42
4439,mass-effect-3,Mass Effect 3,2012-03-05,4.4
884,call-of-duty-modern-warfare-remastered,Call of Duty: Modern Warfare Remastered,2016-10-05,3.97
38,injustice-2,Injustice 2,2017-05-09,3.92
19410,day-of-defeat,Day of Defeat,2003-05-01,2.83
1140,world-of-goo,World of Goo,2008-10-13,4.02
4491,shadow-of-the-colossus,Shadow of the Colossus (2011),2011-09-22,4.25
5528,call-of-duty-world-at-war,Call of Duty: World at War,2008-11-11,3.95
3315,magicka-2,Magicka 2,2015-05-26,3.68
15317,shadow-warrior-classic-redux,Shadow Warrior,1997-05-13,3.34
391399,tell-me-why,Tell Me Why,2020-08-27,3.17
14606,ricochet,Ricochet,2000-11-01,2.39
10310,robocraft,Robocraft,2014-07-08,2.57
326252,gears-5,Gears 5,2019-09-10,3.92
9835,outlast-2,Outlast 2,2017-04-24,3.68
5298,tomb-raider-legend,Tomb Raider: Legend,2006-04-06,3.9
15714,deponia-the-complete-journey,Deponia: The Complete Journey,2014-06-03,3.61
2805,street-fighter-v,Street Fighter V,2016-02-15,3.5
16787,bully-scholarship-edition,Bully: Scholarship Edition,2008-03-04,4.13
326251,deathloop-2,Deathloop,2021-09-14,3.96
20405,deathmatch-classic,Deathmatch Classic,2001-06-01,2.75
197,trove,Trove,2015-07-09,2.67
14334,satellite-reign,Satellite Reign,2015-08-27,2.65
4523,red-faction-armageddon,Red Faction: Armageddon,2011-06-07,3.04
4012,resident-evil-revelations-biohazard-revelations,Resident Evil Revelations,2012-02-07,3.76
29171,the-evil-within-2,The Evil Within 2,2017-10-11,4.14
58827,overcooked-2,Overcooked! 2,2018-08-06,4.15
6773,sunset-overdrive,Sunset Overdrive,2014-10-28,3.9
41,little-nightmares,Little Nightmares,2017-04-27,4.04
4427,bioshock-2,BioShock 2,2010-02-09,4.07
18080,half-life,Half-Life,1998-11-19,4.37
19710,half-life-2-episode-one,Half-Life 2: Episode One,2006-06-01,4.38
19709,half-life-2-episode-two,Half-Life 2: Episode Two,2007-10-10,4.45
11936,half-life-2-deathmatch,Half-Life 2: Deathmatch,2004-11-01,3.28
2551,dark-souls-iii,Dark Souls III,2016-04-11,4.4
10754,bioshock-remastered,BioShock Remastered,2016-09-15,4.24
654,stardew-valley,Stardew Valley,2016-02-25,4.4
4252,mirrors-edge,Mirror's Edge,2008-11-11,4.07
10035,hitman,Hitman,2016-03-11,3.93
3612,hotline-miami,Hotline Miami,2012-10-22,4.38
3790,outlast,Outlast,2013-09-03,3.75
1447,deus-ex-mankind-divided,Deus Ex: Mankind Divided,2016-08-22,3.96
4161,far-cry-3,Far Cry 3,2012-11-28,4.25
10142,playerunknowns-battlegrounds,PlayerUnknown’s Battlegrounds,2017-12-20,3.27
10533,path-of-exile,Path of Exile,2013-10-23,3.65
9721,garrys-mod,Garry's Mod,2004-12-24,3.8
19487,alan-wake,Alan Wake,2010-05-14,4.09
13668,amnesia-the-dark-descent,Amnesia: The Dark Descent,2010-09-08,3.65
11935,half-life-deathmatch-source,Half-Life Deathmatch: Source,2006-05-01,3.21
3696,wolfenstein-the-new-order,Wolfenstein: The New Order,2014-05-19,4.18
4332,spec-ops-the-line,Spec Ops: The Line,2012-06-26,4.1
58134,marvels-spider-man,Marvel's Spider-Man,2018-09-07,4.45
4386,saints-row-the-third,Saints Row: The Third,2011-11-15,3.95
29177,detroit-become-human,Detroit: Become Human,2018-05-25,4.33
39,prey,Prey,2017-05-05,4.28
5563,fallout-new-vegas,Fallout: New Vegas,2010-10-19,4.43
4828,borderlands,Borderlands,2009-10-20,3.82
12447,the-elder-scrolls-v-skyrim-special-edition,The Elder Scrolls V: Skyrim Special Edition,2016-10-27,4.45
864,dishonored-2,Dishonored 2,2016-11-10,4.26
9882,dont-starve-together,Don't Starve Together,2016-04-21,3.77
10243,company-of-heroes-2,Company of Heroes 2,2013-06-25,3.09
4248,dishonored,Dishonored,2012-09-25,4.38
17540,injustice-gods-among-us-ultimate-edition,Injustice: Gods Among Us Ultimate Edition,2013-11-12,3.53
12536,hellblade-senuas-sacrifice,Hellblade: Senua's Sacrifice,2017-08-07,4.23
13633,civilization-v,Sid Meier's Civilization V,2010-09-21,4.3
430,grand-theft-auto-vice-city,Grand Theft Auto: Vice City,2002-10-27,4.44
5583,hitman-absolution,Hitman: Absolution,2012-11-19,3.75
362,for-honor,For Honor,2017-02-13,3.3
4514,la-noire,L.A. Noire,2011-05-17,4.16
3841,assassins-creed-iv-black-flag,Assassin’s Creed IV: Black Flag,2013-10-29,4.15
58812,control,Control,2019-08-27,4.15
257201,jedi-the-fallen-order,Star Wars Jedi: Fallen Order,2019-11-15,4.14
11934,counter-strike-source,Counter-Strike: Source,2004-11-01,3.75
4570,dead-space,Dead Space (2008),2008-10-13,4.38
2462,uncharted-4-a-thiefs-end,Uncharted 4: A Thief’s End,2016-05-10,4.49
4806,mass-effect-2,Mass Effect 2,2010-01-26,4.46
3017,just-cause-3,Just Cause 3,2015-11-30,3.4
3604,metro-last-light-redux,Metro: Last Light Redux,2014-08-25,4.13
3543,borderlands-the-pre-sequel,Borderlands: The Pre-Sequel,2014-10-13,3.56
50738,death-stranding,Death Stranding,2019-11-08,4.32
19301,counter-strike,Counter-Strike,2000-11-01,4.05
3603,metro-redux,Metro 2033 Redux,2014-08-25,4.1
13535,left-4-dead,Left 4 Dead,2008-11-17,4.1
11142,bioshock-2-remastered,BioShock 2 Remastered,2016-09-15,4.0
3747,metal-gear-solid-v-ground-zeroes,Metal Gear Solid V: Ground Zeroes,2014-03-18,3.9
108,mortal-kombat-x,Mortal Kombat X,2015-04-07,3.86
3636,the-last-of-us-remastered,The Last Of Us Remastered,2014-07-29,4.69
274755,hades-2018,Hades,2020-09-17,4.43
10141,nierautomata,NieR:Automata,2017-03-17,4.37
11147,ark-survival-of-the-fittest,ARK: Survival Of The Fittest,2016-03-15,2.59
4513,just-cause-2,Just Cause 2,2010-03-23,3.61
4166,mass-effect,Mass Effect,2007-11-16,4.39
326292,fall-guys,Fall Guys: Ultimate Knockout,2020-08-04,3.73
46889,monster-hunter-world-2,Monster Hunter: World,2018-01-26,4.01
3191,mad-max,Mad Max,2015-08-31,3.78
613,bastion,Bastion,2011-07-20,4.15
22509,minecraft,Minecraft,2009-05-10,4.43
25,middle-earth-shadow-of-war,Middle-earth: Shadow of War,2017-09-27,3.86
10989,paladins,Paladins,2016-09-15,3.08
17576,batman-arkham-city-goty,Batman: Arkham City - Game of the Year Edition,2012-09-07,4.4
9810,ark-survival-evolved,ARK: Survival Evolved,2015-06-02,3.07
480,resident-evil-7-biohazard,Resident Evil 7: Biohazard,2017-01-23,4.33
923,titanfall-2,Titanfall 2,2016-10-28,4.31
10065,cities-skylines,Cities: Skylines,2015-03-10,4.12
3387,bloodborne,Bloodborne,2015-03-24,4.41
3254,journey,Journey,2012-03-13,4.32
9743,unturned,Unturned,2014-07-07,2.74
45969,warhammer-vermintide-2,Warhammer: Vermintide 2,2018-03-08,3.61
13910,xcom-enemy-unknown,XCOM: Enemy Unknown,2012-10-09,4.2
13627,undertale,Undertale,2015-09-14,4.35
13554,fallout-a-post-nuclear-role-playing-game,Fallout,1997-09-30,4.2
28179,sega-mega-drive-and-genesis-classics,SEGA Mega Drive and Genesis Classics,2010-06-01,2.98
5525,brutal-legend,Brutal Legend,2009-10-12,3.65
18240,brothers-a-tale-of-two-sons-2,Brothers: A Tale of Two Sons,2013-08-07,4.18
1416,mafia-ii,Mafia II,2010-08-24,4.24
23585,far-cry-5,Far Cry 5,2018-03-27,3.72
3687,watch-dogs,Watch Dogs,2014-05-27,3.59
51329,shadow-of-the-tomb-raider,Shadow of the Tomb Raider,2018-09-14,3.92
2361,psychonauts,Psychonauts,2005-04-01,4.04
28201,metro-exodus,Metro Exodus,2019-02-13,4.17
2743,heavy-rain,Heavy Rain,2010-02-17,4.12
1450,inside,INSIDE,2016-06-28,4.39
9830,brawlhalla,Brawlhalla,2014-04-30,3.22
50734,shadows-die-twice,Sekiro: Shadows Die Twice,2019-03-22,4.38
4280,max-payne-3,Max Payne 3,2012-05-15,4.26
3931,saints-row-iv,Saints Row IV,2013-08-20,3.82
8488,tom-clancys-rainbow-six-siege-2,Tom Clancy's Rainbow Six Siege,2015-12-01,3.89
2819,firewatch,Firewatch,2016-02-08,4.3
2093,no-mans-sky,No Man's Sky,2016-08-09,3.71
58616,assassins-creed-odyssey,Assassin's Creed Odyssey,2018-10-05,3.98
3556,alien-isolation,Alien: Isolation,2014-10-05,4.21
4223,the-darkness-ii,The Darkness II,2012-02-07,3.7
58654,hitman-2,Hitman 2,2018-11-13,4.04
3678,war-thunder,War Thunder,2013-08-15,3.19
4502,darksiders,Darksiders,2010-01-27,3.76
28568,assassins-creed-ii,Assassin's Creed II,2009-11-17,4.42
28154,cuphead,Cuphead,2017-09-29,4.37
11052,titan-quest-anniversary-edition,Titan Quest Anniversary Edition,2016-08-31,3.79
2235,batman-arkham-origins,Batman: Arkham Origins,2013-10-25,3.95
262382,disco-elysium,Disco Elysium,2019-10-14,4.38
326243,elden-ring,Elden Ring,2022-02-25,4.39
58777,doom-eternal,DOOM Eternal,2020-03-20,4.38
28153,assassins-creed-origins,Assassin's Creed Origins,2017-10-27,3.96
356714,among-us,Among Us,2018-07-25,3.84
10340,crusader-kings-ii,Crusader Kings II,2012-02-13,3.6
1010,transistor,Transistor,2014-05-20,4.17
2792,layers-of-fear,Layers of Fear,2016-02-16,3.54
3876,deus-ex-human-revolution-directors-cut,Deus Ex: Human Revolution - Director's Cut,2013-10-22,4.3
1682,the-wolf-among-us,The Wolf Among Us,2013-10-10,4.39
4003,grid-2,GRID 2,2013-05-27,3.29
998,battlefield-1,Battlefield 1,2016-10-21,3.84
18613,counter-strike-condition-zero,Counter-Strike: Condition Zero,2004-03-01,3.14
3497,far-cry-4,Far Cry 4,2014-11-18,3.82
13461,resident-evil-5-biohazard-5,Resident Evil 5,2009-03-05,3.82
1256,xcom-2,XCOM 2,2016-02-04,4.1
17959,ori-and-the-blind-forest-definitive-edition,Ori and the Blind Forest: Definitive Edition,2016-04-27,4.42
15002,the-stanley-parable,The Stanley Parable,2013-10-17,4.37
12024,insurgency,Insurgency,2014-01-22,3.42
22571,black-desert-online,Black Desert Online,2014-12-01,2.91
4527,modern-warfare-2,Call of Duty: Modern Warfare 2,2009-11-10,4.27
4599,saints-row-2,Saints Row 2,2008-10-14,3.57
13268,amnesia-a-machine-for-pigs,Amnesia: A Machine for Pigs,2013-09-09,3.22
10560,total-war-shogun-2,Total War: SHOGUN 2,2011-03-14,3.61
11435,viscera-cleanup-detail-shadow-warrior,Viscera Cleanup Detail: Shadow Warrior,2013-09-26,2.59
3853,trine-2-complete-story,Trine 2: Complete Story,2013-06-05,3.72
19590,ori-and-the-blind-forest,Ori and the Blind Forest,2015-03-10,4.38
10297,civilization-vi,Sid Meier’s Civilization VI,2016-10-20,4.16
3168,soma,SOMA,2015-09-21,4.16
28172,kingdom-come-deliverance,Kingdom Come: Deliverance,2018-02-13,4.04
13305,assassins-creed-iii-2,Assassin’s Creed III,2012-10-30,3.75
1090,this-war-of-mine,This War of Mine,2014-11-14,4.07
4013,call-of-juarez-gunslinger,Call of Juarez: Gunslinger,2013-05-14,3.8
3766,thief,Thief,2014-02-25,3.26
10061,watch_dogs-2,Watch Dogs 2,2016-11-28,3.84
4544,red-dead-redemption,Red Dead Redemption,2010-05-18,4.42
17352,killing-floor,Killing Floor,2009-05-14,3.45
952,shadowrun-returns,Shadowrun Returns,2013-07-24,3.5
432,grand-theft-auto-iii,Grand Theft Auto III,2001-10-22,4.16
51325,the-last-of-us-part-2,The Last of Us Part II,2020-06-19,4.41
28202,wolfenstein-2-the-new-colossus,Wolfenstein II: The New Colossus,2017-10-25,4.1
906,cod-black-ops-iii,Call of Duty: Black Ops III,2015-11-06,3.28
11726,dead-cells,Dead Cells,2018-08-07,4.24
1358,papers-please,"Papers, Please",2013-08-08,4.38
43877,quake-champions,Quake Champions,2017-08-22,3.26
3474,lara-croft-and-the-temple-of-osiris,Lara Croft and the Temple of Osiris,2014-12-08,3.1
10548,darksiders-warmastered-edition,Darksiders Warmastered Edition,2016-11-29,3.68
10073,divinity-original-sin-2,Divinity: Original Sin 2,2017-09-14,4.38
28492,dead-island,Dead Island,2011-09-06,3.48
3990,the-last-of-us,The Last Of Us,2013-06-14,4.54
559,fallout-shelter,Fallout Shelter,2015-06-15,3.43
10419,subnautica,Subnautica,2018-01-23,4.25
3757,south-park-the-stick-of-truth,South Park: The Stick of Truth,2014-03-04,4.22
59359,a-plague-tale-innocence,A Plague Tale: Innocence,2019-05-13,4.15
3740,fez,FEZ,2012-04-13,4.0
19542,half-life-blue-shift,Half-Life: Blue Shift,2001-06-01,3.72
2572,dirt-rally,DiRT Rally,2015-12-07,3.69
21265,half-life-opposing-force,Half-Life: Opposing Force,1999-11-19,3.86
4954,castle-crashers,Castle Crashers,2008-08-27,3.88
1244,darkest-dungeon,Darkest Dungeon,2016-01-18,4.17
14348,dying-light-the-following-enhanced-edition,Dying Light: The Following - Enhanced Edition,2015-01-26,4.13
15859,star-wars-knights-of-the-old-republic-2,Star Wars: Knights of the Old Republic,2003-07-15,4.36
56184,resident-evil-4,Resident Evil 4 (2005),2005-01-11,4.4
8146,assassins-creed-unity-2,Assassin's Creed Unity,2014-11-11,3.63
9475,dont-starve,Don't Starve,2013-04-22,3.85
857,halo-the-master-chief-collection,Halo: The Master Chief Collection,2014-11-11,4.25
865,call-of-duty-black-ops,Call of Duty: Black Ops,2010-11-09,4.05
3015,chivalry-medieval-warfare,Chivalry: Medieval Warfare,2012-10-16,3.41
19384,the-binding-of-isaac,The Binding of Isaac,2011-09-28,3.91
4639,dragon-age-origins,Dragon Age: Origins,2009-11-03,4.39
3486,syberia,Syberia,2002-01-09,3.93
18241,dmc,DmC: Devil May Cry,2013-01-15,4.02
6617,quantum-break,Quantum Break,2016-04-05,3.91
4550,dead-space-2,Dead Space 2,2011-01-25,4.38
3932,the-bureau-xcom-declassified,The Bureau: XCOM Declassified,2013-08-20,3.05
16112,sleeping-dogs-definitive-edition,Sleeping Dogs: Definitive Edition,2014-10-08,4.15
3771,rayman-legends,Rayman Legends,2013-08-29,4.16
58755,devil-may-cry-5,Devil May Cry 5,2019-03-08,4.25
28623,batman-arkham-city-2,Batman: Arkham City,2011-10-18,4.41
492,yakuza-0,Yakuza 0,2015-03-12,4.37
5562,fallout-3,Fallout 3,2008-10-28,4.08
17875,guacamelee-super-turbo-championship-edition,Guacamelee! Super Turbo Championship Edition,2014-07-01,3.55
3028,beyond-two-souls,Beyond: Two Souls,2013-10-07,3.8
817974,wallpaper-engine,Wallpaper Engine,2016-10-10,4.03
17126,torchlight-ii,Torchlight II,2012-09-20,3.83
1169,mafia-iii,Mafia III,2016-10-06,3.14
7819,superhot,SUPERHOT,2016-02-24,4.19
42187,the-sims-4,The Sims 4,2014-09-02,3.68
1959,goat-simulator,Goat Simulator,2014-04-01,3.17
3842,battlefield-4,Battlefield 4,2013-10-29,3.95
42,what-remains-of-edith-finch,What Remains of Edith Finch,2017-04-23,4.39
5703,uncharted-3-drakes-deception,Uncharted 3: Drake's Deception,2011-11-01,4.37
19365,homefront,Homefront,2011-03-15,2.96
21924,call-of-duty-wwii,Call of Duty: WWII,2017-11-03,3.54
3892,sniper-elite-v2,Sniper Elite V2,2012-05-01,3.4
3408,hotline-miami-2-wrong-number,Hotline Miami 2: Wrong Number,2015-03-09,4.29
1774,grim-fandango-remastered,Grim Fandango Remastered,2015-01-26,4.0
5159,resident-evil-2,Resident Evil 2 (1998),1998-01-21,4.32
28199,ori-and-the-will-of-the-wisps,Ori and the Will of the Wisps,2020-03-10,4.43
624,ftl-faster-than-light,FTL: Faster Than Light,2012-09-14,4.25
2623,resident-evil-6,Resident Evil 6,2012-10-02,3.43
2873,the-witness,The Witness,2016-01-25,4.0
2733,broforce,Broforce,2015-10-15,4.02
9609,euro-truck-simulator-2,Euro Truck Simulator 2,2012-10-19,4.12
28559,dragon-age-inquisition,Dragon Age: Inquisition,2014-11-18,3.8
16209,kingdom-classic,Kingdom: Classic,2015-09-21,3.39
9600,the-forest,The Forest,2018-04-30,3.75
274762,the-outer-worlds,The Outer Worlds,2019-10-25,3.86
11276,call-of-duty-modern-warfare-3,Call of Duty: Modern Warfare 3,2011-11-08,3.78
11686,postal-2,POSTAL 2,2003-04-13,3.91
58753,forza-horizon-4,Forza Horizon 4,2018-10-02,4.37
23322,surviving-mars,Surviving Mars,2018-03-14,3.47
15834,the-walking-dead-season-2,The Walking Dead: Season 2,2013-12-16,4.06
22511,the-legend-of-zelda-breath-of-the-wild,The Legend of Zelda: Breath of the Wild,2017-03-03,4.49
22781,syberia-2,Syberia 2,2004-03-30,3.88
58617,borderlands-3,Borderlands 3,2019-09-13,3.87
16343,a-story-about-my-uncle,A Story About My Uncle,2014-05-27,3.15
3371,dark-souls-ii-scholar-of-the-first-sin,Dark Souls II: Scholar of the First Sin,2015-04-01,4.15
752,smite,SMITE,2015-08-19,3.05
4440,deus-ex-human-revolution,Deus Ex: Human Revolution,2011-08-22,4.37
16113,sleeping-dogs,Sleeping Dogs,2012-08-14,4.14
13194,to-the-moon,To the Moon,2011-01-10,4.29
20406,team-fortress-classic,Team Fortress Classic,1999-04-01,2.92
4101,bayonetta,Bayonetta,2009-06-23,4.31
306124,borderlands-game-of-the-year-enhanced,Borderlands Game of the Year Enhanced,2019-04-03,3.79
2728,tom-clancys-the-division,Tom Clancy’s The Division,2016-03-07,3.7
45821,frostpunk,Frostpunk,2018-04-24,4.19
12756,warhammer-40000-space-marine,"Warhammer 40,000: Space Marine",2011-09-05,3.47
22121,celeste,Celeste,2018-01-25,4.38
14446,cod-black-ops-ii,Call of Duty: Black Ops II,2012-11-13,3.96
4573,payday-the-heist,PAYDAY The Heist,2011-10-18,3.34
4094,metal-gear-rising-revengeance,Metal Gear Rising: Revengeance,2013-02-19,4.25
2553,ratchet-clank,Ratchet & Clank,2016-04-12,4.05
15426,black-mesa,Black Mesa,2020-03-06,4.34
14512,age-of-wonders-iii,Age of Wonders III,2014-03-31,2.91
3631,infamous-second-son,inFAMOUS Second Son,2014-03-21,3.91
18614,half-life-source,Half-Life: Source,2004-06-01,3.71
9966,dead-by-daylight,Dead by Daylight,2016-06-14,3.49
2597,lego-lord-of-the-rings,LEGO The Lord of the Rings,2012-10-30,3.55
4123,batman-arkham-asylum,Batman: Arkham Asylum,2009-08-25,4.4
30899,mafia-the-city-of-lost-heaven,Mafia: The City of Lost Heaven,2002-08-28,4.35
42895,assassins-creed-syndicate-2,Assassin's Creed Syndicate,2015-10-23,3.66
2115,overcooked,Overcooked,2016-08-01,4.07
9671,rust,Rust,2018-02-09,3.37
58550,ghost-of-tsushima,Ghost of Tsushima,2020-07-17,4.41
28152,star-wars-battlefront-2,STAR WARS Battlefront II,2017-11-17,3.58
13247,human-fall-flat,Human: Fall Flat,2016-07-22,3.83
13913,deus-ex-game-of-the-year-edition,Deus Ex: Game of the Year Edition,2000-06-22,4.12
17857,stalker-shadow-of-chernobyl,S.T.A.L.K.E.R.: Shadow of Chernobyl,2007-03-19,4.28
50778,a-way-out-2018,A Way Out,2018-03-23,4.12
46956,doki-doki-literature-club,Doki Doki Literature Club!,2017-09-22,4.06
3209,until-dawn,Until Dawn,2015-08-25,4.1
14962,dark-souls-prepare-to-die-edition,Dark Souls: Prepare To Die Edition,2012-08-23,4.37
19569,hitman-blood-money,Hitman: Blood Money,2006-05-29,4.31
18183,company-of-heroes,Company of Heroes,2006-09-11,3.68
750,final-fantasy-xv,FINAL FANTASY XV,2016-11-29,3.87
11312,the-long-dark,The Long Dark,2014-09-22,3.91
5193,oddworld-abes-oddysee,Oddworld: Abe's Oddysee,1997-09-19,3.53
2518,max-payne,Max Payne,2001-07-25,4.45
14016,tropico-4,Tropico 4,2011-08-24,3.5
670682,counter-strike-condition-zero-deleted-scenes,Counter-Strike: Condition Zero Deleted Scenes,2004-03-23,2.88
3368,titan-souls,Titan Souls,2015-04-13,3.34
29215,life-is-strange-before-storm,Life is Strange: Before The Storm,2017-08-31,3.95
17127,torchlight,Torchlight,2009-10-26,3.71
4535,modern-warfare,Call of Duty 4: Modern Warfare,2007-11-05,4.39
437059,assassins-creed-valhalla,Assassin's Creed Valhalla,2020-11-10,3.69
11970,star-wars-jedi-knight-jedi-academy,Star Wars Jedi Knight: Jedi Academy,2003-09-16,4.33
5297,tomb-raider-anniversary,Tomb Raider: Anniversary,2007-06-01,3.95
324997,baldurs-gate-3,Baldur's Gate III,2023-08-03,4.44
18003,gone-home,Gone Home,2013-08-14,3.74
366850,ghostrunner,Ghostrunner,2020-10-27,3.85
4387,awesomenauts,Awesomenauts,2012-05-01,3.06
10615,system-shock-2,System Shock 2,1999-08-11,4.15
19196,arma-cold-war-assault,ARMA: Cold War Assault,2001-08-29,2.87
17356,orcs-must-die-2,Orcs Must Die! 2,2012-07-30,3.7
1670,shadowrun-dragonfall-dc,Shadowrun: Dragonfall - Director's Cut,2014-09-17,3.82
52939,final-fantasy-vii,Final Fantasy VII (1997),1997-01-31,4.37
28395,metro-last-light,Metro: Last Light,2013-05-13,4.12
19429,alien-swarm,Alien Swarm,2010-07-19,3.33
13856,katana-zero,Katana ZERO,2019-04-17,4.4
4331,sonic-generations,Sonic Generations,2011-11-01,3.9
10031,battlerite,Battlerite,2016-09-20,3.22
58133,spyro-reignited-trilogy,Spyro Reignited Trilogy,2018-11-13,4.13
2213,kerbal-space-program,Kerbal Space Program,2015-04-26,4.15
42776,never-alone,Never Alone,2014-11-18,3.47
2255,7-days-to-die,7 Days to Die,2013-12-13,3.35
452634,marvels-spider-man-miles-morales,Marvel's Spider-Man: Miles Morales,2020-11-12,4.27
327999,dota-underlords,Dota Underlords,2020-02-25,3.02
13079,everlasting-summer,Everlasting Summer,2013-12-12,3.99
58651,totally-accurate-battlegrounds,Totally Accurate Battlegrounds,2018-06-05,2.81
4388,battlefield-bad-company-2,Battlefield: Bad Company 2,2010-03-02,4.13
22859,deus-ex-2-invisible-war,Deus Ex 2: Invisible War,2003-12-01,3.1
204,clicker-heroes,Clicker Heroes,2015-05-13,2.65
17252,deadlight,Deadlight,2012-06-01,3.62
2722,kholat,Kholat,2015-06-08,2.65
263590,risk-of-rain-2,Risk of Rain 2,2020-08-11,4.14
36,tekken-7,TEKKEN 7,2015-03-18,4.02
3265,god-of-war-iii-remastered,God of War III Remastered,2015-07-14,4.12
258322,blasphemous,Blasphemous,2019-09-09,4.06
16355,evolve-stage-2,Evolve Stage 2,2015-02-10,2.58
4249,hell-yeah-wrath-of-the-dead-rabbit,HELL YEAH! Wrath of the Dead Rabbit,2012-09-25,2.45
4676,outland,Outland,2011-04-26,2.9
9545,shadow-warrior-2,Shadow Warrior 2,2016-10-12,3.51
3562,styx-master-of-shadows,Styx: Master of Shadows,2014-10-06,3.16
19685,just-cause,Just Cause,2006-09-22,3.3
16191,galactic-civilizations-ii-ultimate-edition,Galactic Civilizations II: Ultimate Edition,2011-12-02,2.65
1299,mount-blade-warband,Mount & Blade: Warband,2010-03-30,4.35
21926,uncharted-the-lost-legacy,Uncharted: The Lost Legacy,2017-08-22,4.27
2434,vvvvvv,VVVVVV,2010-01-09,3.77
9853,h1z1-king-of-the-kill,H1Z1: King of the Kill,2016-02-17,2.38
2778,surgeon-simulator-cpr,Surgeon Simulator,2013-04-18,3.43
17599,mortal-kombat-komplete-edition,Mortal Kombat Komplete Edition,2013-07-03,4.11
4612,renegade-ops,Renegade Ops,2011-09-13,2.98
1225,warhammer-end-times-vermintide,Warhammer: End Times - Vermintide,2015-10-23,3.47
3450,saints-row-gat-out-of-hell,Saints Row: Gat Out of Hell,2015-01-20,3.16
2559,stories-the-path-of-destinies,Stories: The Path of Destinies,2016-04-11,3.22
3850,lego-marvel,LEGO Marvel Super Heroes,2013-10-22,3.83
3651,sniper-elite-3,Sniper Elite 3,2014-06-26,3.53
715,steep,Steep,2016-12-02,3.48
22513,uncharted-2-among-thieves,Uncharted 2: Among Thieves,2009-10-13,4.39
60179,hellblade-senuas-sacrifice-vr-edition,Hellblade: Senua's Sacrifice VR Edition,2018-07-31,3.57
17295,enclave,Enclave,2002-07-18,3.1
516111,mass-effect-legendary-edition,Mass Effect: Legendary Edition,2021-05-14,4.57
20760,final-fantasy-xiii,FINAL FANTASY XIII,2009-12-17,3.46
58585,fallout-76,Fallout 76,2018-11-14,2.85
22789,serious-sam-the-first-encounter,Serious Sam: The First Encounter,2001-03-21,4.03
17925,fable-anniversary,Fable Anniversary,2014-02-04,4.07
137,mass-effect-andromeda,Mass Effect: Andromeda,2017-03-21,3.21
3251,f1-2015,F1 2015,2015-07-09,2.69
2239,furi,Furi,2016-07-04,3.93
401805,genshin-impact,Genshin Impact,2020-09-28,3.56
4744,prince-of-persia,Prince of Persia (2008),2008-12-02,3.78
2354,mirrors-edge-catalyst,Mirror's Edge Catalyst,2016-06-07,3.49
4923,prototype,Prototype,2009-06-09,3.79
123,titan-quest,Titan Quest,2006-06-26,3.9
10049,hitman-codename-47,Hitman: Codename 47,2000-11-19,3.83
13469,warhammer-40000-dawn-of-war-game-of-the-year-editi,"Warhammer 40,000: Dawn of War - Game of the Year Edition",2007-08-07,3.98
28261,serious-sam-hd-tfe,Serious Sam HD:  The First Encounter,2009-11-24,3.92
3748,steamworld-dig,SteamWorld Dig,2013-08-08,3.83
3772,strider,Strider,2012-02-16,3.3
19309,plants-vs-zombies-goty-edition,Plants vs. Zombies GOTY Edition,2010-08-10,4.33
19458,doom-3,DOOM 3,2004-08-03,3.91
9465,grim-dawn,Grim Dawn,2016-02-25,3.96
14990,viking,Viking: Battle for Asgard,2008-03-25,2.51
29173,dishonored-death-of-the-outsider,Dishonored: Death of the Outsider,2017-09-14,4.04
323065,call-of-duty-modern-warfare,Call of Duty: Modern Warfare (2019),2019-10-25,3.76
2913,banner-saga,The Banner Saga,2014-01-14,4.09
2845,crypt-of-the-necrodancer,Crypt of the NecroDancer,2015-04-22,3.99
722,world-of-tanks,World of Tanks,2010-08-12,2.92
19284,fallout-tactics-brotherhood-of-steel,Fallout Tactics: Brotherhood of Steel,2001-03-01,3.36
50677,superhot-mind-control-delete,Superhot: Mind Control Delete,2020-07-15,3.86
7485,elite-dangerous,Elite Dangerous,2015-04-02,3.93
22597,darksiders-iii,Darksiders III,2018-11-27,3.44
3268,the-vanishing-of-ethan-carter,The Vanishing of Ethan Carter,2014-09-25,3.76
364806,need-for-speed-heat,Need for Speed Heat,2019-11-08,3.26
18081,no-more-room-in-hell,No More Room in Hell,2013-10-31,2.89
18886,overlord-2,Overlord II,2009-06-22,3.78
4340,uncharted-drakes-fortune,Uncharted: Drake's Fortune,2007-11-19,4.03
2830,unravel,Unravel,2016-02-09,3.94
1322,dead-rising-2,Dead Rising 2,2010-08-31,3.54
2390,plague-inc-evolved,Plague Inc: Evolved,2015-09-18,3.98
9904,age-of-empires-ii-hd,Age of Empires II HD,2013-04-09,4.2
3494,thomas-was-alone,Thomas Was Alone,2012-06-30,3.74
22069,ultimate-epic-battle-simulator,Ultimate Epic Battle Simulator,2017-04-12,2.64
10900,project-zomboid,Project Zomboid,2013-11-08,3.89
20980,the-expendabros,The Expendabros,2014-08-05,3.53
28026,super-mario-odyssey,Super Mario Odyssey,2017-10-27,4.42
13498,eve-online,EVE Online,2003-05-06,3.35
12018,star-wars-jedi-knight-ii-jedi-outcast,Star Wars Jedi Knight II: Jedi Outcast,2002-03-01,4.19
4414,grand-theft-auto-episodes-from-liberty-city,Grand Theft Auto: Episodes from Liberty City,2009-10-29,4.11
10125,tom-clancys-ghost-recon-wildlands-2,Tom Clancy's Ghost Recon Wildlands,2017-03-06,3.57
3358,tropico-5,Tropico 5,2014-05-22,3.64
11228,speedrunners,SpeedRunners,2016-04-19,3.75
9979,dirty-bomb,Dirty Bomb,2015-06-01,2.73
9741,the-surge,The Surge,2017-05-15,3.19
23702,need-for-speed-payback,Need for Speed Payback,2017-11-07,3.21
3459,the-order-1886,The Order: 1886,2015-01-13,3.76
2412,dungeons-2,Dungeons 2,2015-04-23,2.84
14989,alpha-protocol,Alpha Protocol,2010-04-08,3.54
3090,need-for-speed,Need for Speed,2015-11-03,3.38
2767,far-cry-primal,Far Cry Primal,2016-02-23,3.58
10296,tera,TERA,2017-01-31,2.85
9494,arma-2,ArmA II,2009-06-18,3.19
7317,scribblenauts-unlimited,Scribblenauts Unlimited,2012-11-13,3.62
19380,dark-messiah-of-might-magic,Dark Messiah of Might and Magic,2006-10-24,4.3
13273,the-uncertain-episode-1-the-last-quiet-day,The Uncertain: Episode 1 - The Last Quiet Day,2016-09-22,2.62
18184,company-of-heroes-opposing-fronts,Company of Heroes: Opposing Fronts,2007-09-24,3.45
2556,risk-of-rain,Risk of Rain,2013-11-07,3.91
9744,rime,RiME,2017-05-25,3.67
22162,moonlighter,Moonlighter,2018-05-28,3.74
18726,gothic-1,Gothic,2001-03-15,4.35
236694,remnant-from-the-ashes,Remnant: From the Ashes,2019-08-20,3.62
19633,need-for-speed-hot-pursuit-2,Need For Speed: Hot Pursuit,2010-11-16,3.86
10050,thief-gold,Thief Gold,1999-10-29,4.0
19439,risen,Risen,2009-10-02,3.81
11148,the-lab,The Lab,2016-04-05,3.01
21736,unreal-gold,Unreal Gold,2000-01-20,3.42
401,nioh,Nioh,2017-02-07,3.81
20569,ufo-enemy-unknown,X-COM: UFO Defense,1993-12-30,3.67
122,this-is-the-police,This is the Police,2016-08-01,3.89
3468,loadout,Loadout,2014-01-10,2.47
9782,deceit,Deceit,2017-03-03,2.94
29,south-park-the-fractured-but-whole,South Park: The Fractured But Whole,2017-03-31,4.04
10327,spacechem,SpaceChem,2011-01-01,3.1
46597,aim-lab,Aim Lab,2018-02-07,3.04
27938,steamworld-dig-2,SteamWorld Dig 2,2017-09-21,4.06
3501,littlebigplanet-3,LittleBigPlanet 3,2014-11-18,3.5
11567,the-red-solstice,The Red Solstice,2015-07-09,2.27
22938,shadow-warrior,Shadow Warrior (2013),2013-09-25,3.64
1830,dungeon-of-the-endless,Dungeon of the Endless,2014-10-27,3.61
9824,skullgirls,Skullgirls,2012-02-14,3.75
11663,my-friend-pedro,My Friend Pedro,2019-06-19,3.87
427930,phasmophobia,Phasmophobia,2020-09-18,3.86
14072,tropico-3,Tropico 3,2009-10-20,3.36
2139,hyper-light-drifter,Hyper Light Drifter,2016-03-30,4.14
19560,far-cry,Far Cry,2004-03-22,3.91
11425,spore,SPORE,2008-09-04,4.15
2055,adventure-capitalist,AdVenture Capitalist,2015-02-19,2.8
58698,just-cause-4,Just Cause 4,2018-12-04,3.04
12980,endless-legend,Endless Legend,2014-09-18,3.64
10926,factorio,Factorio,2020-08-14,4.37
10436,golf-with-your-friends,Golf With Your Friends,2016-01-29,3.82
10537,ruiner,RUINER,2017-09-26,3.72
10281,besiege,Besiege,2015-01-28,3.79
15860,star-wars-the-force-unleashed-2,STAR WARS: The Force Unleashed II,2010-10-25,3.65
19369,call-of-duty,Call of Duty,2003-10-29,4.16
99,snake-pass,Snake Pass,2017-03-28,3.23
23191,aegis-defenders,Aegis Defenders,2018-02-07,2.53
4602,bulletstorm,Bulletstorm,2011-02-22,4.08
4361,rayman-origins,Rayman Origins,2011-11-15,4.13
10393,gothic-3,Gothic 3,2006-10-12,3.71
19397,vampire-the-masquerade-bloodlines,Vampire: The Masquerade - Bloodlines,2004-11-15,4.37
9515,we-were-here,We Were Here,2017-02-03,3.78
4477,kane-lynch-2-dog-days,Kane & Lynch 2: Dog Days,2010-08-17,3.26
13570,game-dev-tycoon,Game Dev Tycoon,2012-12-10,4.0
2131,race-the-sun,Race The Sun,2013-08-17,3.14
244716,dirt-rally-20,DiRT Rally 2.0,2019-02-26,3.57
372576,lost-ark,Lost Ark,2022-02-11,3.19
22508,overwatch,Overwatch,2016-05-24,4.14
2889,oddworld-new-n-tasty,Oddworld: New 'n' Tasty,2014-07-22,3.51
906547,hogwarts-legacy,Hogwarts Legacy,2023-02-10,3.95
13387,serious-sam-hd-the-second-encounter,Serious Sam HD: The Second Encounter,2010-04-28,3.89
842,call-of-duty-advanced-warfare,Call of Duty: Advanced Warfare,2014-11-03,3.47
19584,risen-2-dark-waters-2,Risen 2: Dark Waters,2012-04-23,3.43
17357,orcs-must-die,Orcs Must Die!,2011-10-05,3.7
4206,vanquish,Vanquish,2010-10-19,4.01
339961,man-of-medan,The Dark Pictures Anthology: Man of Medan,2019-08-30,3.63
59023,red-faction-guerilla-re-mars-tered,Red Faction Guerrilla Re-Mars-tered,2018-07-02,3.47
13909,prince-of-persia-the-sands-of-time,Prince of Persia: The Sands of Time,2003-10-28,4.22
19568,tom-clancys-splinter-cell-conviction,Tom Clancy's Splinter Cell: Conviction,2010-04-13,3.85
18287,anomaly-warzone-earth,Anomaly: Warzone Earth,2011-04-07,2.91
791638,multiversus,MultiVersus,2022-07-26,3.14
12884,helldivers,HELLDIVERS,2015-12-07,3.61
35561,star-wars-republic-commando-2,Star Wars: Republic Commando,2005-03-01,4.18
12662,lego-star-wars-tcs,LEGO Star Wars - The Complete Saga,2007-11-06,4.1
4111,lord-of-the-rings-war-in-the-north,Lord of the Rings: War in the North,2011-11-01,3.34
61961,headsnatchers,Headsnatchers,2018-07-24,1.82
9736,slime-rancher,Slime Rancher,2016-01-14,3.87
18185,company-of-heroes-tales-of-valor,Company of Heroes: Tales of Valor,2009-04-07,3.39
17158,pac-man-championship-edition-2,PAC-MAN CHAMPIONSHIP EDITION 2,2016-09-13,3.12
12757,warhammer-40k-dawn-of-war-ii,"Warhammer 40,000: Dawn of War II",2009-02-18,3.96
58640,realm-royale,Realm Royale,2018-06-05,2.61
61176,bloodstained-ritual-of-the-night,Bloodstained: Ritual of the Night,2019-06-18,4.01
2287,her-story,Her Story,2015-06-23,3.98
31771,the-elder-scrolls-chapter-two-daggerfall,The Elder Scrolls II: Daggerfall,1996-08-30,3.31
4520,alice-madness-returns,Alice: Madness Returns,2011-06-14,4.01
9495,arma-2-operation-arrowhead,ArmA II: Operation Arrowhead,2010-06-29,3.27
20992,cry-of-fear,Cry of Fear,2012-02-22,3.57
5711,the-incredible-adventures-of-van-helsing,The Incredible Adventures of Van Helsing,2013-05-22,3.41
445442,helltaker,Helltaker,2020-05-11,3.97
313843,goat-of-duty,Goat of Duty,2019-07-10,2.25
4186,persona-4-golden,Persona 4 Golden,2012-11-20,4.43
17975,doom-ii,DOOM II,1994-09-30,4.38
4483,duke-nukem-forever,Duke Nukem Forever,2011-06-09,2.87
16856,audiosurf,AudioSurf,2008-02-15,3.93
7439,call-of-duty-ghosts,Call of Duty: Ghosts,2013-11-05,3.16
16649,serious-sam-2,Serious Sam 2,2005-10-11,3.54
3838,need-for-speed-rivals,Need for Speed Rivals,2013-11-15,3.15
5706,valkyria-chronicles,Valkyria Chronicles,2008-04-24,4.06
15861,star-wars-the-force-unleashed-ultimate-sith-editio,STAR WARS - The Force Unleashed Ultimate Sith Edition,2009-12-15,3.83
28631,fable-3,Fable III,2010-10-25,3.73
28615,gears-of-war,Gears of War,2006-11-08,4.11
13512,cortex-command,Cortex Command,2012-09-28,2.58
5538,dark-souls,Dark Souls,2011-09-22,4.34
13566,into-the-breach,Into the Breach,2018-02-26,4.32
13525,assassins-creed-2-deluxe-edition,Assassin's Creed 2 Deluxe Edition,2010-03-04,4.33
54491,quake,Quake,1996-06-22,4.26
3601,infamous-first-light,inFAMOUS: First Light,2014-08-26,3.72
58735,unravel-two,Unravel Two,2018-06-09,3.96
17676,doom-3-bfg-edition,Doom 3: BFG Edition,2012-10-16,3.78
14211,children-of-morta,Children of Morta,2019-09-03,3.91
887,call-of-duty-infinite-warfare,Call of Duty: Infinite Warfare,2016-11-04,3.58
5678,the-elder-scrolls-iv-oblivion,The Elder Scrolls IV: Oblivion,2006-03-20,4.33
57908,tomb-raider-ii,Tomb Raider II,1997-10-31,3.74
2296,fahrenheit-indigo-prophecy-remastered,Fahrenheit: Indigo Prophecy Remastered,2015-01-27,4.16
58754,division-2,Tom Clancy’s The Division 2,2019-03-15,3.74
10389,gothic-ii-gold-edition,Gothic II: Gold Edition,2010-01-13,4.4
9871,guns-of-icarus-alliance,Guns of Icarus Alliance,2017-03-31,2.41
50418,deiland,Deiland,2016-02-19,2.28
17998,antichamber,Antichamber,2013-01-31,4.07
2639,day-of-the-tentacle-remastered,Day of the Tentacle Remastered,2016-03-21,3.66
18449,divinity-ii,Divinity II: Developer's Cut,2012-10-29,3.57
3726,trials-fusion,Trials Fusion,2014-04-15,3.53
11214,northgard,Northgard,2018-03-06,3.77
9831,conan-exiles,Conan Exiles,2017-01-30,2.85
16543,lego-batman,LEGO Batman,2008-09-23,3.77
4571,dungeon-defenders,Dungeon Defenders,2010-12-16,3.33
295019,greedfall,GreedFall,2019-09-10,3.34
3400,battlefield-hardline,Battlefield Hardline,2015-03-17,3.19
17179,resident-evil-0,Resident Evil 0 / Biohazard 0 HD REMASTER,2016-01-19,3.82
59197,f1-2018,F1 2018,2018-08-23,3.32
22790,serious-sam-the-second-encounter,Serious Sam: The Second Encounter,2002-02-02,4.02
693,the-last-guardian,The Last Guardian,2016-10-25,4.07
4154,dead-space-3,Dead Space 3,2013-02-05,3.64
3863,how-to-survive,How to Survive,2013-10-23,3.02
966,sonic-all-stars-racing-transformed,Sonic & All-Stars Racing Transformed,2012-11-16,3.91
13199,graveyard-keeper,Graveyard Keeper,2018-08-14,3.72
58758,dying-light-2,Dying Light 2 Stay Human,2022-02-04,3.65
11887,hero-siege,Hero Siege,2013-12-18,3.33
965,sherlock-holmes-the-devils-daughter,Sherlock Holmes: The Devil's Daughter,2016-06-10,3.7
22961,hitman-3-contracts,Hitman: Contracts,2004-04-20,3.93
58890,need-for-speed-most-wanted,Need For Speed: Most Wanted,2005-11-15,4.46
10602,dino-d-day,Dino D-Day,2011-04-08,2.43
20466,worms-armageddon,Worms Armageddon,1999-01-25,4.31
13925,prince-of-persia-warrior-within,Prince of Persia: Warrior Within,2004-11-30,4.39
9811,dayz,DayZ,2013-12-16,3.09
392019,half-life-alyx,Half-Life: Alyx,2020-03-23,4.37
47326,okami-hd-da-shen-jue-jing-ban,OKAMI HD,2017-12-12,4.18
46399,regions-of-ruin,Regions Of Ruin,2018-02-04,2.47
10724,crossout,Crossout,2017-05-30,2.81
37669,marvel-heroes-omega,Marvel Heroes,2013-06-03,2.49
1612,super-hexagon,Super Hexagon,2012-08-31,3.75
17545,assassins-creed-rogue-2,Assassin’s Creed Rogue,2014-11-11,3.71
10056,kane-and-lynch-dead-men,Kane and Lynch: Dead Men,2007-11-13,3.6
10342,raceroom-racing-experience,RaceRoom Racing Experience,2013-02-12,2.27
14422,condemned-criminal-origins,Condemned: Criminal Origins,2005-11-15,3.82
10545,warface-ice-breaker,Warface: Ice Breaker,2014-07-01,2.42
4466,catherine,Catherine,2011-02-17,4.14
10980,serial-cleaner,Serial Cleaner,2016-09-28,3.2
479694,inscryption,Inscryption,2021-10-19,4.39
9997,arma-3,Arma 3,2013-09-12,3.84
3374,stealth-inc-2-game-of-clones,Stealth Inc 2: A Game of Clones,2014-10-30,2.84
29658,the-elder-scrolls-arena,The Elder Scrolls: Arena,1994-02-28,2.93
15851,star-wars-dark-forces-2,Star Wars: Dark Forces,1995-02-28,3.65
464,baldurs-gate-enhanced-edition,Baldur's Gate: Enhanced Edition,2012-11-28,4.08
9911,dungeon-defenders-ii,Dungeon Defenders II,2014-12-05,2.96
4031,dead-island-riptide,Dead Island Riptide,2013-04-22,3.42
441,deus-ex-the-fall,Deus Ex: The Fall,2013-07-10,2.69
339958,persona-5-royal,Persona 5 Royal,2020-03-31,4.75
28589,halo-3,Halo 3,2007-09-25,4.36
50214,europa-2017,Ring of Elysium,2018-09-19,2.94
271,kingdom-new-lands,Kingdom: New Lands,2015-10-21,3.88
9659,bulletstorm-full-clip-edition,Bulletstorm: Full Clip Edition,2017-04-07,3.93
19908,lego-batman-2,LEGO Batman 2 DC Super Heroes,2012-06-19,3.68
22397,command-conquer-red-alert-3-uprising,Command & Conquer: Red Alert 3 - Uprising,2009-03-12,3.58
19655,guacamelee-gold-edition,Guacamelee! Gold Edition,2013-08-08,3.85
58835,yakuza-kiwami-2,Yakuza Kiwami 2,2017-12-07,4.37
16813,mount-blade,Mount & Blade,2008-09-16,3.9
17854,teleglitch-die-more-edition,Teleglitch: Die More Edition,2013-07-24,2.74
16161,hard-reset-extended-edition,Hard Reset Extended Edition,2012-07-12,3.19
709,hawken,Hawken,2014-02-14,2.83
51687,two-point-hospital,Two Point Hospital,2018-08-29,3.74
10665,postal,POSTAL,1997-11-14,2.99
10309,endless-space-2,Endless Space 2,2016-10-06,3.86
28613,halo-reach,Halo: Reach,2010-09-14,4.28
46560,stick-fight-the-game,Stick Fight: The Game,2017-09-28,3.83
11164,a-hat-in-time,A Hat in Time,2017-10-05,4.31
23479,observer_,Observеr,2017-08-14,3.9
22846,thief-3-deadly-shadows,Thief 3: Deadly Shadows,2004-05-24,3.76
46508,return-of-the-obra-dinn,Return Of The Obra Dinn,2018-10-17,4.34
637477,splitgate,Splitgate,2019-05-24,3.4
43,full-throttle-remastered,Full Throttle Remastered,2017-04-17,3.96
10023,geneshift,Geneshift,2017-04-27,2.14
1073,keep-talking-and-nobody-explodes,Keep Talking and Nobody Explodes,2015-10-08,4.19
17844,divine-divinity,Divine Divinity,2002-09-13,3.5
2659,trackmania-turbo,Trackmania Turbo,2016-03-22,3.48
28418,diablo-iii-reaper-of-souls,Diablo III: Reaper of Souls,2014-03-25,4.16
28619,gears-of-war-2,Gears of War 2,2008-11-07,4.28
28580,dragon-age-2,Dragon Age 2,2011-03-08,3.85
11460,astroneer,Astroneer,2019-02-06,3.78
58859,marvels-avengers,Marvel’s Avengers,2020-09-04,2.68
38965,star-wars-the-old-republic,Star Wars: The Old Republic,2011-12-20,3.85
11148,the-lab,The Lab,2016-04-05,3.01
14156,enslaved-odyssey-to-the-west-premium-edition,ENSLAVED: Odyssey to the West Premium Edition,2013-10-24,3.97
58637,code-vein,Code Vein,2019-09-26,3.52
442857,tomb-raider-goty,Tomb Raider: Definitive Edition,2014-01-31,4.1
13780,sid-meiers-civilization-iv,Sid Meier's Civilization IV,2005-10-25,4.11
2894,invisible-inc,"Invisible, Inc.",2015-05-12,3.53
12130,rimworld,RimWorld,2016-07-15,4.36
441738,the-ascent-2,The Ascent,2021-07-29,3.33
14364,jagged-alliance-1-gold-edition,Jagged Alliance 1: Gold Edition,1994-04-02,2.46
10206,ashes-of-the-singularity-escalation,Ashes of the Singularity: Escalation,2016-11-09,2.41
1726,10-second-ninja-x,10 Second Ninja X,2016-07-19,2.51
19635,fable,Fable: The Lost Chapters,2005-09-01,4.43
876,legend-of-grimrock,Legend of Grimrock,2012-04-10,3.8
10355,fractured-space,Fractured Space,2016-09-22,2.41
3751,dark-souls-ii,Dark Souls II,2014-03-11,4.03
897,superbrothers-sword-sworcery,Superbrothers: Sword & Sworcery,2011-03-24,3.5
3189,grow-home,Grow Home,2014-02-04,3.48
58385,rage-2,Rage 2,2019-05-14,3.24
17736,two-worlds-epic-edition,Two Worlds Epic Edition,2009-04-30,2.79
12108,distraint,DISTRAINT,2015-10-21,3.06
27,pyre,Pyre,2017-07-25,4.17
17818,overlord-raising-hell,Overlord: Raising Hell,2008-02-15,3.72
46301,raft,Raft,2022-06-20,3.89
5524,brink,Brink,2011-05-09,2.72
366885,dragon-age-origins-ultimate-edition,Dragon Age: Origins - Ultimate Edition,2010-10-26,4.44
28131,fortnite,Fortnite: Save The World,2017-07-21,2.98
10028,space-engineers,Space Engineers,2013-10-23,3.52
10039,tyranny,Tyranny,2016-11-10,4.07
486,tales-of-berseria,Tales of Berseria,2016-08-18,3.98
5995,little-inferno,Little Inferno,2012-11-17,3.83
17473,quake-live,Quake Live,2014-09-17,3.56
19628,flatout-2,FlatOut 2,2006-06-29,4.32
11975,star-wars-jedi-knight-dark-forces-ii,STAR WARS Jedi Knight: Dark Forces II,1997-09-30,3.7
58806,satisfactory,Satisfactory,2024-09-11,4.3
257192,psychonauts-2,Psychonauts 2,2021-08-24,4.37
28126,fifa-18,FIFA 18,2017-09-26,3.36
13926,prince-of-persia-the-two-thrones,Prince of Persia: The Two Thrones,2005-12-01,4.13
12850,cave-story,Cave Story+,2010-03-22,3.95
10037,europa-universalis-iv,Europa Universalis IV,2013-08-12,4.22
3513,lego-batman-3-beyond-gotham,LEGO Batman 3: Beyond Gotham,2014-11-10,3.62
45763,bomber-crew,Bomber Crew,2017-10-19,3.11
11148,the-lab,The Lab,2016-04-05,3.01
3277,quiplash,Quiplash,2015-06-30,3.56
397473,back-4-blood,Back 4 Blood,2021-10-07,3.23
3848,killzone-shadow-fall,Killzone Shadow Fall,2013-11-15,3.16
2119,tricky-towers,Tricky Towers,2016-06-20,3.67
12045,two-worlds-ii,Two Worlds II,2010-11-09,3.03
11729,gang-beasts,Gang Beasts,2014-08-29,3.9
3933,tom-clancys-splinter-cell-blacklist,Tom Clancy’s Splinter Cell Blacklist,2013-08-20,4.08
558986,capcom-arcade-stadium,Capcom Arcade Stadium,2021-02-17,2.68
3134,wasteland-2-directors-cut,Wasteland 2: Director's Cut,2015-10-13,3.63
4480,mini-ninjas,Mini Ninjas,2009-09-08,3.5
5488,crash-bandicoot,Crash Bandicoot,1996-09-09,4.15
12022,kings-bounty-the-legend,King's Bounty: The Legend,2008-04-24,4.2
54,punch-club,Punch Club,2016-01-07,3.66
58389,call-of-duty-black-ops-4,Call of Duty: Black Ops 4,2018-10-12,3.29
5544,dirt-3,DiRT 3,2011-05-24,3.68
4473,shank-2,Shank 2,2012-02-07,3.57
18852,poker-night-at-the-inventory,Poker Night at the Inventory,2010-11-22,3.4
384567,crusader-kings-iii,Crusader Kings III,2020-09-01,4.32
58394,horizon-chase-turbo,Horizon Chase Turbo,2018-05-15,3.42
12761,dawn-of-war-ii-retribution,"Warhammer 40,000: Dawn of War II: Retribution",2011-02-28,3.82
13466,devil-may-cry-4-special-edition,Devil May Cry 4: Special Edition,2015-06-23,4.19
9644,planet-coaster,Planet Coaster,2016-11-17,3.78
758,hue,Hue,2016-08-30,3.36
748414,aperture-desk-job,Aperture Desk Job,2022-03-01,3.81
14331,call-of-duty-2,Call of Duty 2,2005-10-25,4.21
59611,pathfinder-kingmaker,Pathfinder: Kingmaker,2018-09-25,3.92
4962,shank,Shank,2010-08-10,3.66
59637,untitled-goose-game,Untitled Goose Game,2019-09-20,4.03
41498,need-for-speed-most-wanted-a-criterion-game,Need for Speed: Most Wanted - A Criterion Game,2012-10-30,3.36
16723,gunpoint,Gunpoint,2013-06-03,4.02
54492,quake-2,Quake II,1997-12-09,4.17
327219,superliminal,Superliminal,2019-11-12,4.17
10379,fishing-planet,Fishing Planet,2015-08-11,2.6
54629,crazy-taxi,Crazy Taxi (1999),1999-01-01,3.83
11223,absolver,Absolver,2017-08-28,2.91
343597,sonic-adventure-2,Sonic Adventure 2,2001-06-18,3.95
19640,assassins-creed-directors-cut-edition,Assassin's Creed: Director's Cut Edition,2008-04-09,3.92
9828,natural-selection-2,Natural Selection 2,2012-10-30,3.25
1249,ea-sports-fifa-17,FIFA 17,2016-09-27,3.31
9880,oxygen-not-included,Oxygen Not Included,2017-05-18,4.14
